时间,温度(℃),盐度,DO(mg/L),pH,石油烃(μg/L),大肠菌群(个/L),粪大肠菌群(个/L),无机氮(μg/L),叶绿素a(mg/m3),磷酸盐(μg/L),悬浮物(mg/L),N/P
20春,16.84,31.356,8.942,8,0.908,,,80.552,1.226,9.698,9.535,7.556955854
20秋,20.66842105,31.42526316,7.493157895,8.036842105,43.96578947,,,114.9411111,0.363888889,7.188888889,,17.91793239
21春,13.66470588,31.48764706,7.886470588,8.37,199.2070588,,,111.4258824,22.68588235,8.902352941,12.34176471,15.81619196
21秋,19.4,29.84533333,7.348666667,8.072857143,18.986,51.66666667,20,69.18,2.045333333,22.09466667,12.95266667,3.338620527
22春,12.00666667,30.77466667,8.383333333,8.1,22.858,,,275.8686667,1.7,15.052,13.416,19.13313444
22秋,18.84666667,29.89333333,6.438666667,8.165333333,7.659066667,20,,155.468,2.28,9.165333333,6.897333333,18.78513602
