时间,透明度(m),温度(℃),盐度,DO(mg/L),pH,COD(mg/L),石油烃(μg/L),大肠菌群(个/L),粪大肠菌群(个/L),无机氮(μg/L),叶绿素a(mg/m3),磷酸盐(μg/L),悬浮物(mg/L)
20春,3.435714286,17.21785714,31.44,9.035714286,8,0.846428571,1.1325,20,,93.08357143,1.318571429,8.947857143,9.369285714
20秋,1.214285714,20.45714286,31.31,7.528214286,8.034285714,0.765714286,41.9325,40,20,121.1625,0.446785714,7.881785714,9.058214286
21春,1.714285714,14.41428571,31.44392857,7.103571429,8.368571429,0.898571429,213.3335714,28.57142857,,104.9385714,22.77857143,7.921785714,9.369285714
21秋,0.921428571,19.23214286,29.76678571,7.281785714,8.121071429,0.941785714,26.05428571,55,32.85714286,62.80035714,2.046785714,20.85892857,9.263571429
22春,3.021428571,12.72857143,30.74964286,8.378214286,8.086071429,0.797857143,9.294285714,35,,264.2957143,1.704642857,13.09357143,10.37214286
22秋,2.485714286,18.48571429,29.66071429,6.3675,8.181785714,0.807857143,7.86025,27.5,35,150.6892857,2.283928571,10.63321429,7.694285714
